<?xml version="1.0" encoding="UTF-8" standalone="yes"?>
<addon id="script.tvguide.fullscreen.skin.white_snow_CustomFont" name="TV Guide Fullscreen - white_snow CustomFont Skin" version="0.0.2">
    <requires>
        <import addon="xbmc.python" version="2.19.0"/>
    </requires>
    <extension point="xbmc.python.script" library="addon.py">
            <provides>executable</provides>
    </extension>
    <extension point="xbmc.addon.metadata">
        <summary lang="en">white_snow CustomFont Skin for TV Guide Fullscreen</summary>
        <description lang="en">CustomFont Setup:[CR]1. Add Muli-ExtraBold.ttf (inside zip) into your skin addon folder: /addons/'yourskinfolder'/font/ (Example /addons/skin.aeon.nox.silvo/font/)[CR]2. Open TVGuide_Muli-ExtraBold.txt, copy and paste into font.xml inside /addons/'yourskinfolder'/1080i/font.xml.[CR]3. Restart Kodi.[CR]Don't forget to calibrate your gamma :D</description>
        <disclaimer lang="en"></disclaimer>
        <language></language>
        <platform>all</platform>
        <license>GPLv2</license>
        <forum>http://forum.kodi.tv/showthread.php?tid=282157</forum>
        <source>https://github.com/primaeval/script.tvguide.fullscreen</source>
        <website></website>
        <email></email>
    </extension>
</addon>
